lemma,pos,gender,meta_ID,sense_source,sense_target,semantic_relationship
малявка,noun,,,Очень маленькая рыбка.,"То же, что малек.",broader
малявка,noun,,,О человекемаленького роста или о ребенке.,О ребенке или человеке маленького роста.,exact
бзик,noun,,,"Странность, причуда.","Странность, причуда.",exact
максимальный,adjective,,,"Наибольший в ряду других, предельный.","Самый большой, наибольший в ряду других, предельный.",exact
прятать,verb,,,"Убирать, помещать вскрытое, неизвестное другим место или под запор; вообще убирать в надежное, место для сохранности.","Помещать в тайное место, укрытие, чтобы другие не могли найти, заметить.",broader
прятать,verb,,,"Убирать, помещать вскрытое, неизвестное другим место или под запор; вообще убирать в надежное, место для сохранности.","Помещать, класть куда-л. для сохранности, предохранения от чего-л.",broader
религия,noun,,,"Одна из форм общественного сознания – совокупность духовных представлений, основывающихся на вере в сверхъестественные силы и существа (богов, духов), к-рые являются предметом поклонения.","Мировоззрение, несовместимое с научным миропониманием, основанное на вере в существование бога, сверхъестественных сил, управляющих миром.",exact
религия,noun,,,"Одно из направлений такого общественного сознания. Мировые религии (буддизм, ислам, христианство).",Та или иная вера; вероисповедание.,exact
религия,noun,,,"Сложившиеся непоколебимые убеждения, безусловная преданность какой-н. идее, принципу, нравственному закону, ценности.","То, чему поклоняются, во что слепо верят.",related
щи,noun,,,"Жидкое кушанье, род супа из капусты или щавеля, шпината.","Жидкое кушанье из рубленой капусты, а также из щавеля, шпината и т. п.",exact
завтра,adverb,,,На следующий день после сегодняшнего.,На следующий день после сегодняшнего.,exact
завтра,adverb,,,В недалеком будущем.," В недалеком будущем, скоро.",exact
фаянс,noun,,,"Мелкопористый, обычно белый керамический материал, по составу напоминающий фарфор.","Искусственно приготовляемая минеральная масса из особых сортов глины с примесью гипса и других веществ, идущая на керамические изделия.",exact
фаянс,noun,,,"Изделия, посуда из такого материала.","Изделия из такой массы, обожженные и докрытые глазурью.",exact
ряса,noun,,,У православного духовенства: верхняя длинная одежда с широкими рукавами.,Верхняя длинная одежда в талию с широкими рукавами у православного духовенства.,exact
разлить,verb,,,Налить из большого сосуда в меньшие.,Перелить какую-л. жидкость из одного сосуда в несколько других.,narrower
разлить,verb,,,Расплескать по поверхности чего-н.,"Расплескать, пролить какую-л. жидкость.",exact
разлить,verb,,,"Распространить во все стороны, по всему пространству чего-н.","Распространить во все стороны, по всему пространству чего-л., в пределах чего-л.",exact
хват,noun,,,"Бойкий, полный молодечества человек.","Бойкий, ловкий, удалой человек.",exact
хват,noun,,,"То же, что ловкач.","Бойкий, ловкий, удалой человек.",related
увал,noun,,,Узкая и удлиненная возвышенность с пологими склонами и плоской вершиной.,Вытянутая в длину возвышенность с пологими склонами.,exact
йога,noun,,,"В Индии: религиозно-философское учение, разработавшее особую систему приемов и методов самопознания, позволяющего человеку управлять психическими и физиологическими функциями своего организма.","Учение о приемах и методах управления психикой и психофизиологией человека, лежащее в основе древнеиндийских религиозно-философских систем.",exact
разве,conjunction,,,"Выражает допущение, возможность.","Употребляется в сочетании со словами „только“, „лишь“, „кроме“ и т. п. и без них для выражения ограничения с оттенком уступительности, в значении:не считая того, что…;кроме того, что…;может быть, только…",exact
разве,conjunction,,,"В случае, если не, если только не.","Употребляется для выражения противопоставления с оттенком условности, в значении:если не…;если только не…",exact
погожий,adjective,,,"Хороший, благоприятный в отношении погоды.","Хороший, благоприятный в отношении погоды.",exact
шаман,noun,,,"У нек-рых народов, сохраняющих веру в духов и в возможность ритуального общения с ними: служитель культа; колдун-знахарь, способный приводить себя в состояние экстаза.","Служитель культа, согласно верованиям народов с древним анимистическим мировоззрением, вступающий в общение с духами с целью ограждения людей от их козней и причиняемых ими болезней.",exact
акцент,noun,,,"Ударение в слове, а также знак ударения.",Ударение в слове.,broader
акцент,noun,,,"Ударение в слове, а также знак ударения.", Знак ударения.,broader
акцент,noun,,,"Особенности выговора, свойственные говорящему не на своем родном языке.","Невольное искажение звуков какого-л. языка лицом, для которого этот язык не является родным.",exact
разве,particle,,,"Употр. при вопросе, выражая сомнение, недоверие, так ли, правда ли.","Употребляется в вопросительном предложении, выражающем сомнение в чем-л., недоверие к чему-л., удивление по поводу чего-л., близка по значению словам:неужели,возможно ли, что…",broader
разве,particle,,,"Употр. при вопросе, выражая сомнение, недоверие, так ли, правда ли.","Употребляется в вопросительном предложении для выражения неуверенности в необходимости какого-л. действия, колебания по поводу чего-л., близка по значению словам:может быть,не сто́ит ли,не следует ли.",broader
разве,particle,,,"Выражает колебание и неуверенную готовность решиться, согласиться.","Употребляется в вопросительном предложении для выражения неуверенности в необходимости какого-л. действия, колебания по поводу чего-л., близка по значению словам:может быть,не сто́ит ли,не следует ли.",related
разве,particle,,,Выражение неуверенного предположения о чем-н. как единственно возможном.,"Употребляется для придания оттенка ограничения, предположения, возможности чего-л.",exact
институт,noun,,,Высшее учебное заведение.,Название некоторых высших учебных заведений и научно-исследовательских учреждений.,related
институт,noun,,,Научно-исследовательское учреждение.,Название некоторых высших учебных заведений и научно-исследовательских учреждений.,related
институт,noun,,,"Женское, обычно закрытое, среднее учебное заведение.",Привилегированное женское среднее учебное заведение закрытого типа в дореволюционной России.,broader
институт,noun,,,"Совокупность норм права в какой-н. области общественных отношений, та или иная форма общественного устройства.","Совокупность норм права в какой-л. области общественных отношений, та или иная форма общественного устройства.",exact
гибкий,adjective,,,"Легко сгибаемый, упругий.","Способный легко гнуться, сгибаться, изгибаться.",exact
гибкий,adjective,,,"Богатый оттенками, изменяющийся в своих проявлениях.","Способный легко изменяться, богатый оттенками, выразительный (о голосе, языке, стихе и т. п.).",exact
гибкий,adjective,,,"Легко поддающийся изменениям, преобразованиям.","Способный легко изменяться, богатый оттенками, выразительный (о голосе, языке, стихе и т. п.).",narrower
гибкий,adjective,,,"Способный трезво оценить обстановку, обстоятельства и приноровиться к ним.","Умело и быстро применяющийся к условиям, к обстоятельствам.",exact
нянчиться,verb,,,"То же, что нянчить.","То же, чтонянчить.",exact
нянчиться,verb,,,"Хлопотать, возиться с кем-чем-н.","Уделять кому-, чему-л. много времени, внимания; возиться.",exact
пятница,noun,,,Пятый день недели.,Пятый (после воскресенья) день недели.,exact
завтра,noun,,,"День, следующий за сегодняшним.",Следующий день за сегодняшним.,exact
завтра,noun,,,Недалекое будущее., Ближайшее будущее.,exact
даром,adverb,,,"То же, что бесплатно.","Бесплатно, безвозмездно.",exact
даром,adverb,,,"Бесполезно, напрасно.","Без пользы, напрасно, зря.",exact
оба,numeral,,,И тот и другой.,И тот и другой.,exact
жучить,verb,,,"Донимать выговорами, строгостью.","Постоянно поучать, делая выговоры, читая наставления.",related
аббатство,noun,,,Католический монастырь.,Католический монастырь с принадлежащими ему владениями.,narrower
абонемент,noun,,,"Документ, предоставляющий право на пользование чем-н., ка-кое-н. обслуживание, а также само такое право.","Право пользования чем-л. в течение определенного срока, а также документ, удостоверяющий это право.",exact
абрикосовый,adjective,,,см. абрикос.,Прил. к абрикос.,exact
ага,interjection,,,Восклицание с торжествующей интонацией.,"Выражает злорадство, торжество, замешательство и т. п.",related
ага,particle,,,"Выражает подтверждение, а также уяснение или догадку(прост.).","Употребляется для выражения согласия, подтверждения; соответствует по значению словам: да, хорошо, так.",broader
агу,interjection,,,"Ласковое слово, обращаемое к младенцу.","Употребляется при обращении к грудному ребенку с целью привлечь его внимание, успокоить и т. п.",related
азбука,noun,,,"Совокупность букв, принятых в данной письменности, располагаемых в установленном порядке, буквенный алфавит.","Совокупность букв какой-л. письменности, расположенных в установленном порядке; алфавит.",exact
азбука,noun,,,"Тоже, что букварь (устар.).",Книга для начального обучения грамоте; букварь.,exact
азбука,noun,,,"Основные, простейшие начала какой-н. науки, дела.","Основные начала, простейшие положения, основа чего-л.",exact
альбом,noun,,,"Тетрадь из плотных листов в переплете для рисунков, каких-н. коллекции, фотографии.","Тетрадь или книга с чистыми листами для стихов, рисунков, фотографий, открыток и т. п.",exact
альбом,noun,,,"Собрание рисунков, репродукций, чертежей в виде книги, папки.","Объединенное по теме собрание иллюстраций, рисунков, репродукций, чертежей и т. п., переплетенных вместе или собранных в папку.",broader
анафема,noun,,,"В христианстве: церковное проклятие за грехи против церкви, за поношение веры.","Отлучение от церкви, проклятие.",exact
анафема,noun,,,Употр. как бранное слово (прост.),Употребляется как бранное слово.,exact
антресоли,noun,,,Верхний полуэтаж дома.,Верхний низкий этаж (полуэтаж) дома.,exact
антресоли,noun,,,Род балкона внутри высокого помещения.,"Верхний полуярус в виде открытой галереи с перилами, сооружавшийся в особенно высоких комнатах.",exact
антресоли,noun,,,"Настил под потолком для хранения вещей, а также отдельная верхняя часть шкафа, предназначенная для такого хранения.",Настил под потолком для хранения вещей.,broader
апостол,noun,,,"В христианстве: ученик Христа, несущий людям его учение.","По евангельскому преданию — каждый из двенадцати учеников Христа, посланных им для проповеди своего учения.",broader
апостол,noun,,,Последователь и распространитель какой-н. идеи (книжн.).,"Ревностный последователь и распространитель какой-л. идеи, учения и т. п.",exact
апостол,noun,,,"Богослужебная книга, содержащая ""Деяния"" и ""Послания апостолов"".","Церковная книга, содержащая так наз. «Деяния» и «Послания апостолов».",exact
аппарат,noun,,,"Прибор, техническое устройство, приспособление.","Прибор, механическое устройство для выполнения какой-л. определенной работы.",exact
аппарат,noun,,,"Совокупность органов, выполняющих какую-н. особую функцию организма (спец.).","Совокупность органов, выполняющих какую-л. особую функцию организма.",exact
аппарат,noun,,,"Совокупность учреждений, обслуживающих какую-н. отрасль управления, хозяйства.","Совокупность учреждений, обслуживающих какую-л. область управления или хозяйства.",exact
аппарат,noun,,,"Совокупность сотрудников учреждения, организации, какой-н. области управления.","  Совокупность сотрудников учреждения, организации, какой-л. области управления.",exact
аргументировать,verb,,,"Привести(-водить) доказательства, аргументы (в 1 знач.)","Привести (приводить) аргументы (в 1 знач.), доказательства.",exact
армия,noun,,,Вооруженные силы государства.,"Совокупность вооруженных сил государства (сухопутных, морских, воздушных).",exact
армия,noun,,,Сухопутные вооруженные силы в отличие от морских и воздушных сил.,Сухопутные вооруженные силы (в отличие от военно-морских и военно-воздушных сил).,exact
армия,noun,,,"Оперативное войсковое объединение из нескольких корпусов, дивизий.","Соединение из нескольких корпусов или дивизий одного или нескольких родов войск, предназначенное для ведения военных операций.",narrower
армия,noun,,,В дореволюционной России: обычные сухопутные войска в отличие от гвардии.,"В дореволюционной России: основная масса сухопутных войск, в отличие от гвардии не имевшая служебных привилегий.",exact
армия,noun,,,Вообще - совокупность большого количества чем-то объединенных людей.,"Большое количество людей, объединенных каким-л. общим делом, признаком.",exact
архив,noun,,,"Учреждение для хранения старых, старинных документов, документальных материалов.","Учреждение, специально занятое хранением, систематизацией и описанием письменных и графических памятников прошлого.",exact
архив,noun,,,"Отдел учреждения, где хранятся старые документы.","Отдел учреждения, где хранятся старые документы, оконченные дела и т. п.",exact
архив,noun,,,"Собрание рукописей, писем ит. п., относящихся к деятельности какого-н. учреждения, лица.","Собрание писем, рукописей, документов, фотографий и т. п., относящихся к деятельности какого-л. учреждения, общества, лица.",exact
асфальт,noun,,,"Черная смолистая масса, употр. для заливки покрытий дорог, улиц, тротуаров.","Природная и искусственная буро-черная смолистая масса, используемая при устройстве дорог, тротуаров и в некоторых отраслях промышленности.",exact
асфальт,noun,,,"Дорога, покрытая такой массой.","Дорога, тротуар, покрытые такой массой.",exact
аттестат,noun,,,"Официальный документ об окончании учебного заведения, о присвоении звания.",Официальный документ об окончании учебного заведения.,broader
аттестат,noun,,,В дореволюционной России: свидетельство о прохождении службы.,  Свидетельство о присвоении ученого или специального звания.,broader
аттестат,noun,,,"Рекомендация с места прежней службы, работы (устар.).","В дореволюционной России: свидетельство о прохождении службы, выдававшееся при отставке.",related
аттестат,noun,,,Выдаваемый военнослужащему документ на право получения денежного или другого довольствия.,"Документ, удостоверяющий право на получение военнослужащим денежного, вещевого и другого довольствия, а также документ, по которому иждивенец военнослужащего получает часть его денежного довольствия.",narrower
аттестат,noun,,,"Документ, удостоверяющий породистость животного.","Документ, удостоверяющий породистость животного.",exact
ахнуть,verb,,,см. ахать.,"Воскликнуть „ах“, выражая какое-л. чувство: удивление, восторг, печаль, сожаление и т. п.",exact
ахнуть,verb,,,Издать резкий и громкий звук.,"Произвести, издать громкий, сильный, отрывистый звук (при ударе, разрыве, выстреле).",exact
ахнуть,verb,,,"Произвести какое-н. действие резко, с шумом, внезапно.",С силой ударить.,broader
ахти,interjection,,,"То же, что ах (в 1 знач.).","Употребляется при выражении сильной тревоги, сожаления, удивления.",exact
аэродром,noun,,,"Комплекс сооружений и технических средств, предназначенный для взлета, посадки, стоянки и обслуживания самолетов, вертолетов и планеров.","Участок земной поверхности, предназначенный для взлета, посадки и стоянки самолетов, с сооружениями и оборудованием для их обслуживания.",broader
баба-яга,noun,,,В русских сказках: злая старуха-колдунья.,В русских народных сказках: злая старуха-колдунья.,exact
бабка1,noun,,,"То же, что бабушка.","То же, что бабушка.",exact
бабка1,noun,,,"То же, что повивальная бабка(устар.).","То же, что повивальная бабка.",exact
бабка2,noun,,,У животных: надкопытный сустав ноги.,Надкопытный сустав ноги у животных.,exact
бабка2,noun,,,"Кость этого сустава, употр. для игры.","  Кость этого сустава, употребляемая для игры.",exact
бабочка,noun,,,"Насекомое с двумя парами крыльев разнообразной окраски, покрытых мельчайшими чешуйками.","Насекомое с двумя парами крыльев, покрытых пыльцой, определяющей их окраску.",exact
бабочка,noun,,,"Галстук в виде короткого жесткого банта, по форме напоминающего бабочку.",Галстук в виде банта.,exact
больной,adjective,,,Пораженный какой-н. болезнью.,Страдающий какой-л. болезнью; противоп. здоровый.,exact
больной,adjective,,,Свидетельствующий о наличии болезни.,Свидетельствующий о болезни; болезненный.,exact
больной,adjective,,,"То же, что болезненный (во 2 знач.).","Неестественный, ненормальный.",exact
больно2,adverb,,,"То же, что очень.","Очень, весьма, сильно.",exact
борода,noun,,,Волосяной покров на нижней части лица у мужчин.,Волосяной покров на нижней части лица.,exact
борода,noun,,,"У нек-рых животных: пучок волос, перьев или мясистые отростки под лицевой частью головы.",У некоторых животных и птиц: пучок длинных волос или перьев у шеи и на груди.,exact
боронить,verb,,,Разрыхлять бороной.,"Разрыхлять, обрабатывать бороной вспаханную землю.",exact
босой,adjective,,,"Необутый, с голыми ногами.","Необутый, без обуви и чулок.",exact
вброд,adverb,,,"По броду, по дну в мелком месте, не вплавь.","Бредя, двигаясь по дну реки, озера и т. п. в неглубоком месте.",exact
ведомость,noun,,,"Сводка, список каких-н. данных.","Список, сводка каких-л. фактических данных.",exact
ведомость,noun,,,Название нек-рых повременных изданий.,В составе названий некоторых повременных изданий.,related
ведомство,noun,,,"Учреждение или совокупность учреждений, обслуживающих какую-н. область государственного управления.",Отрасль государственного управления и система обслуживающих ее учреждений.,exact
ведро,noun,,,"Сосуд, обычно цилиндрической формы, с ручкой в виде дужки для жидкостей, сыпучего.","Сосуд, обычно цилиндрической формы, с дугообразной ручкой для ношения и хранения воды и других жидкостей.",exact
ведро,noun,,,"Старая русская мера жидкостей, равная 1/40 бочки (12 литров).","Русская мера жидкостей, равная 1/40 бочки (около 12 л), применявшаяся до введения метрической системы.",exact
везде,adverb,,,"Во всех местах, повсюду.","Во всех местах или во всех сферах, областях; всюду, повсюду.",exact
величавый,adjective,,,"Исполненный внутреннего достоинства, величия, внушающий почтение к себе.",Исполненный торжественности; величественный.,broader
видеться,verb,,,"Быть видимым, представляться взору.",Восприниматься зрением; быть видимым.,exact
видеться,verb,,,"Видеть друг друга, встречаться.","Встречаться, иметь свидание.",exact
видеться,verb,,,Представляться воображению.,"  (сов. привидеться) кому-чему. Мысленно представляться, грезиться.",exact
вода,noun,,,"Прозрачная бесцветная жидкость, представляющая собой химическое соединение водорода и кислорода.","Прозрачная, бесцветная жидкость, образующая ручьи, реки, озера, моря и представляющая собой химическое соединение водорода с кислородом.",exact
вода,noun,,,В нек-рых сочетаниях: напиток или настой.,"  Напиток или водный раствор какого-л. вещества, применяемый для утоления жажды, а также в лечебных или иных целях.",exact
вода,noun,,,"Речное, морское, озерное пространство, а также их поверхность или уровень.","  мн. ч. (во́ды, вод). Водные пространства, участки морей, озер, рек.",broader
вода,noun,,,"Потоки, струи, волны, водная масса.","Водная масса реки, озера, моря.",related
вода,noun,,,"Минеральные источники, курорт с такими источниками.",Минеральные источники.,broader
вода,noun,,,О чем-н. бессодержательном и многословном(разг.).,"  перен.; преимущ. в знач. сказ. Пустые, бессодержательные фразы, многословие при бедности содержания.",exact
вода,noun,,,"Питательная жидкость, заполняющая защитную оболочку плода (спец.).","То же, что околоплодные воды",exact
врачебный,adjective,,,"Относящийся к деятельности врача, к лечению больных.",Связанный с деятельностью врача; медицинский.,exact
даже,particle,,,"Употр. для выделения той части сообщения, к-рая его подтверждает, приводя дополнительные аргументы или еще более вескую информацию.","Употребляется для выделения и усиления слова или словосочетания, к которому относится (ставится обычно перед выделяемыми словами).",exact
даже,interjection,,,"Присоединяет предложение или член предложения со знач. уточнения, добавления.","Присоединяет члены предложения или предложения, обозначающие результат особенно напряженного, усиленного действия или какой-л. признак как показатель самой высокой степени чего-л.; соответствует по значению словам: настолько, так (сильно, долго, много и т. п.), что…",related
двуличный,adjective,,,"Лицемерный, неискренний.","Лицемерный, неискренний.",exact
ей-богу,interjection,,,"Уверение в знач. действительно, истинная правда.","Употребляется для подтверждения чего-л., для уверения в чем-л.; близко по значению словам: в самом деле, право, действительно.",exact
епархия,noun,,,"Церковно-административная территориальная единица, управляемая архиереем.","Церковно-административный округ, находящийся под управлением епископа.",exact
ерунда,noun,,,"Вздор, пустяки, нелепость.","Что-л. несерьезное, пустое; вздор, чепуха.",exact
ерунда,noun,,,"О чем-н. несущественном, незначительном.","  О чем-л. несущественном, маловажном.",exact
загодя,adverb,,,"Заранее, заблаговременно.","Заранее, заблаговременно.",exact
завал,noun,,,"см. завалить, -ся. (Засыпать сверху, покрыть. + Обрушить, накренить.)","Нагромождение, скопление больших количеств чего-л.",related
завал,noun,,,"Нагромождение, скопление чего-н., препятствующее проходу, проезду.","  Препятствие, устроенное из нагроможденных, наваленных друг на друга деревьев, бревен, камней и т. п.",exact
завал,noun,,,Беспорядочное скопление чего-н. (разг.).,"  перен. Разг. Чрезмерное скопление каких-л. материалов, дел и т. п.",exact
зритель,noun,,,"Тот, кто наблюдает происходящее со стороны (устар.)","Тот, кто смотрит на что-л., наблюдает за чем-л.",exact
зритель,noun,,,"Тот, кто смотрит представление, фильм, спортивное состязание.","Тот, кто смотрит сценическое или экранизированное представление.",broader
зычный,adjective,,,"Громкий, звучный и резкий.","Громкий, звонкий, резкий.",exact
ибо,conjunction,,,"Потому что, так как.","Употребляется в придаточном причинном предложении, соответствует по значению союзам: потому что, так как.",exact
имение,noun,,,"Поместье, земельное владение.","Земельное владение помещика, обычно с усадьбой; поместье.",exact
имение,noun,,,"Имущество, собственность (устар.).","Имущество, собственность.",exact
итого,adverb,,,"В общей сумме, в итоге (после подсчета, перечисления каких-н. величин).","В итоге, всего (употребляется в конце перечисления каких-л. сумм).",exact
итак,conjunction,,,"Следовательно, таким образом.","Употребляется в начале предложения, содержащего вывод из предыдущего, близок по значению словам: таким образом, следовательно.",exact
каллиграф,noun,,,"Человек, искусный в каллиграфии.","Тот, кто пишет красиво и четко.",exact
кожа,noun,,,"Наружный покров тела человека, животного.",Наружный покров тела человека и животных.,exact
кожа,noun,,,Выделанная шкура животного.,Выделанная шкура животного.,exact
кожа,noun,,,"Оболочка нек-рых плодов, кожура (разг.).","Внешняя оболочка плода, семени; кожура.",exact
конечный,adjective,,,см. конец.,"Имеющий конец, предел (в пространстве, во времени); противоп. бесконечный.",broader
конечный,adjective,,,"Имеющий конец (во времени), не бесконечный (высок.).","Имеющий конец, предел (в пространстве, во времени); противоп. бесконечный.",narrower
конечный,adjective,,,"Заключающий собой какой-н. процесс, являющийся результатом работы, обработки.","Являющийся завершением какого-л. процесса, цикла и т. д.",exact
люстра,noun,,,Висячий светильник из нескольких подсвечников для ламп.,Подвесной осветительный прибор из нескольких светильников (подсвечников со свечами или ламп).,exact
манеж,noun,,,"Место или специальное большое здание для верховой езды и конных упражнений, а также специально оборудованная площадка для дрессировки животных.",Площадка или специальное здание для тренировки верховых и рысистых лошадей и для обучения верховой езде.,exact
манеж,noun,,,Арена цирка.,Арена цирка.,exact
манеж,noun,,,Небольшая переносная загородка для еще не умеющих или только начинающих ходить детей.,"Небольшая переносная загородка для детей, начинающих ходить.",exact
манипулировать,verb,,,Производить манипуляции.,Производить манипуляции.,exact
напрокат,adverb,,,Во временное пользование за плату.,Во временное пользование за плату.,exact
настойка,noun,,,"Спиртовой экстракт какого-н. вещества, растения.","Спиртной напиток, настоянный на ягодах, плодах, травах.",exact
настойка,noun,,,"Вино, приготовленное на ягодах, плодах, травах.","То же, что настой (в 1 знач.).",related
няня,noun,,,"Работница, занимающаяся уходом за детьми.","Женщина, занимающаяся уходом, присмотром за ребенком, детьми в семье, в детских яслях.",exact
няня,noun,,,Санитарка в лечебном учреждении.,Санитарка в больнице.,exact
обод,noun,,,Наружная часть колеса в виде обтягивающего круга.,"Наружная часть колеса в виде круга, опирающегося на спицы и обтягиваемого сверху шиной.",exact
обод,noun,,,"Приспособление или .часть какого-н. устройства в форме кольца, круга.","Часть какого-л. предмета, устройства и т. п. в форме кольца, овала, охватывающая и скрепляющая другие части; круглая или дугообразная скрепа.",narrower
обрывок,noun,,,"Оторванный, оборванный кусок.",Оторванный кусок чего-л.,exact
обрывок,noun,,,"Отдельные несвязанные, разрозненные части (слов, мыслей, каких-н. сведений).","Неполная, незаконченная часть чего-л., отдельный кусок чего-л.",exact
обуть,verb,,,Надеть обувь.,Надеть кому-л. обувь.,exact
обуть,verb,,,Снабдить обувью (разг.).,"  Разг. Снабдить, обеспечить обувью.",exact
окликнуть,verb,,,"Крикнув, остановить или подозвать.","Назвать по имени, крикнуть что-л. кому-л. с целью привлечь внимание, остановить и т. п.; окрикнуть.",broader
отряд,noun,,,Специальное или отдельное воинское формирование.,Специальная войсковая группа.,exact
отряд,noun,,,"Группа людей, организованная для совместной деятельности.","Группа людей, какой-л. коллектив, организованные для совместной деятельности или выполнения какого-л. задания.",exact
отряд,noun,,,В систематике животных: подразделение класса.,"Подразделение в систематике животных, объединяющее родственные семейства.",exact
отстой,noun,,,"Отстоявшийся осадок, а также жидкость, выделившаяся из какого-н. продукта и опустившаяся на дно сосуда.","Частицы, выделившиеся из отстоявшейся жидкости и осевшие на дно сосуда; осадок.",exact
ощутить,verb,,,Распознать путем ощущения.,Распознать в результате раздражения органов чувств; почувствовать.,exact
ощутить,verb,,,"То же, что почувствовать (см. чувствовать в 1 знач.).",Испытать (какое-л. чувство).,exact
песнь,noun,,,"То же, что песня (в 1 знач.)","То же, что песня (в 1 и 2 знач.).",exact
песнь,noun,,,Поэтическое произведение эпического или героического характера (устар. и высок.).,  В составе названий некоторых произведений народного эпоса.,related
песнь,noun,,,Глава поэмы.,Глава эпической поэмы.,exact
плач,noun,,,"Сопровождающиеся слезами жалобные нечленораздельные голосовые звуки, выражающие боль, горе или сильную взволнованность.","Действие по глаг. плакать (в 1 знач.), а также звуки, сопровождающие это действие.",exact
плач,noun,,,"Старинная обрядовая жалобная песня на похоронах, поминках или свадьбе.","Старинная обрядовая жалобная песня на похоронах, поминках и свадьбе.",exact
побывать,verb,,,"Побыть, пожить где-н.","Пробыть некоторое время в каком-л. состоянии, положении кого-л. и т. п.",related
побывать,verb,,,"Зайти куда-н., посетить кого-что-н. (разг.).","Посетить кого-, что-л., проведя там некоторое время.",exact
подранок,noun,,,"Зверь или птица, раненные охотником.","Зверь или птица, раненные охотником.",exact
поляна,noun,,,"Небольшое, заросшее травой, открытое пространство среди леса, кустарников.","Ровное пространство, небольшой луг, обычно на опушке или посреди леса; лужайка.",exact
переселить,verb,,,"Поселить в другом месте, на новое местожительство.","Перевести на другое местожительство, поселить в другом месте.",exact
помеха,noun,,,"То, что мешает, препятствие.","То, что (или тот, кто) мешает кому-, чему-л.",exact
помеха,noun,,,"То, что нарушает нормальную работу чего-н. (напр. посторонние звуки, ухудшающие слышимость радиопередачи, полоски на экране телевизора).","Электромагнитные колебания, не связанные с принимаемым сигналом, искажающие его.",exact
притягательный,adjective,,,"Привлекающий к себе, возбуждающий интерес.","Притягивающий, привлекающий к себе.",exact
провезти,verb,,,"Везя, доставить.","Проехать, доставляя кого-, что-л.",exact
провезти,verb,,,Перевезти с собой.,"Заставить проехать, везя, продвинуть.",related
провезти,verb,,,Перевезти с собой.,"Проехать, доставляя кого-, что-л.",related
продать,verb,,,Передать кому-н. в собственность за плату.,Отдать за определенную плату.,exact
продать,verb,,,"Предать, совершив измену из корыстных побуждений.","Совершить предательство, измену из корыстных побуждений.",exact
произношение,noun,,,"Выговор (в 1 знач.), воспроизведение звуков речи.",Воспроизведение звуков речи.,exact
проклятый,adjective,,,"Ненавистный, проклинаемый.","Ненавистный, достойный проклятия (во 2 знач.).",exact
проклятый,adjective,,,"Надоевший и вызывающий досаду, злобу.",  Разг. Употребляется как бранное слово.,related
прорыв,noun,,,"см. прорвать, -ся.",Действие по глаг. прорвать—прорывать1 (в 1 и 2 знач.) и прорваться—прорываться1 (в 1 и 2 знач.).,exact
прорыв,noun,,,"Место, где что-н. прорвано (во2 и 3 знач.) или где прорвалось, прорвались (во 2 и 4 знач.).","Прорванное место, прорванный участок.",exact
прорыв,noun,,,"Нарушение хода работы, срыв в работе.","Невыполнение в срок задания, плана, отставание.",exact
сад,noun,,,"Участок земли, засаженный деревьями, кустами, цветами; сами растущие здесь деревья, растения.","Участок земли, засаженный деревьями, кустами, цветами, обычно с проложенными дорожками.",exact
таран,noun,,,"Древнее орудие для разрушения крепостных стен - бревно с наконечником, укрепленное цепями на подвижной деревянной башне.","Древнее стенобитное орудие — бревно с металлическим наконечником, укрепленное цепями на передвижной башне.",exact
таран,noun,,,"Выступ в подводной носовой части судна, служащий в древности для нанесения ударов судам противника.","Выступ в носовой подводной части боевого судна для нанесения удара по корпусу неприятельского корабля (в гребном, а также броненосном флоте второй половины 19 в.).",exact
таран,noun,,,"Прямой удар самолета, танка, корабля, наносящий пробоину, а также атака противника нанесением удара своим самолетом, танком, кораблем.","Удар винтом или крылом самолета, корпусом танка, корабля и т. п. по вражескому самолету (танку, кораблю и т. п.) как боевой прием.",exact
таран,noun,,,Военная операция - прорыв фронта и глубокое продвижение в расположение противника.,"Прорыв фронта и глубокое вклинивание в расположение противника как военная операция, а также ударная группа, осуществляющая ее.",exact
царство,noun,,,Государство во главе с царем (устар. и спец.).,"Государство, управляемое царем.",exact
царство,noun,,,"Правление какого-н. царя, царствование.","Правление какого-л. царя, царствование.",exact
царство,noun,,,"Та или иная область действительности, средоточие каких-н. явлений, предметов.",Какая-л. область явлений действительности.,exact
ящик,noun,,,"Вместилище для чего-н., обычно четырехугольной формы.","Вместилище четырехугольной формы обычно из досок для укладывания, хранения чего-л.",broader
ящик,noun,,,"Вместилище для чего-н., обычно четырехугольной формы.","  Вместилище, предназначенное для какой-л. определенной цели.",broader
невежественный,adjective,,,"Малообразованный, малокультурный, малосведущий.","Необразованный, малосведущий.",broader
невежественный,adjective,,,"Малообразованный, малокультурный, малосведущий.",||Несведущий в какой-л. области знаний.,broader
невежественный,adjective,,,"Малообразованный, малокультурный, малосведущий.","|| Свойственный необразованным людям, вызванный невежеством.",related
поделка,noun,,,"Мелкое изделие, изготовленное ручным способом.","Мелкое изделие, изготовленное обычно ручным способом.",exact
благодать,noun,,,"В религиозных представлениях: сила, ниспосланная человеку свыше [первоначально - для исполнения воли Бога].","Милость, благоволение, дар, исходящие от бога, ниспосланные им.",exact
благодать,noun,,,"Очень хорошо, прекрасно (где-н.).","Благо, добро, благополучие.",related
благодать,noun,,,"О чем-н. хорошем, имеющемся в изобилии","Изобилие природных благ, обеспечивающих благоденствие, доставляющих радость, счастье.",related
благодать,noun,,,"Очень хорошо, прекрасно (где-н.).","О приволье, об условиях, доставляющих удовольствие, счастье.",related
вбежать,verb,,,Войти куда-н.,"Бегом проникнуть куда-л., в пределы чего-л.",broader
обежать,verb,,,"Бегом обойти вокруг кого-чего-н., какое-н. пространство.",Бегом обойти вокруг чего-л.,exact
обежать,verb,,,"Бегая, побывать во многих местах, у многих.","Бегая, торопливо переходя из одного места в другое, побывать всюду, во многих местах.",exact
пятьсот,numeral,,,Число и количество 500.,Число 500.,broader
пятьсот,numeral,,,Число и количество 500.,|| Количество 500.,broader
с,preposition,,,"Употр. при обозначении места, предмета, от к-рого отделяется, удаляется, отходит что-н.","Употребляется при обозначении предмета, места, с поверхности которого или от которого удаляется, отделяется кто-, что-л.",exact
с,preposition,,,"Употр. при обозначении места, с к-рым связано совершение действия.","Употребляется при обозначении предмета, места, с поверхности которого или от которого удаляется, отделяется кто-, что-л.",related
с,preposition,,,"Употр. при обозначении места, сферы действия, откуда исходит что-н., откуда приходит кто-н.","Употребляется при обозначении места, пространства, откуда направлено движение, действие.",exact
с,preposition,,,"Употр. при обозначении места, сферы действия, откуда исходит что-н., откуда приходит кто-н.","|| при обозначении местонахождения предмета, лица, производящего действие, или места, с которого возможно наблюдение, восприятие чего-л.",broader
с,preposition,,,"Употр. при обозначении места, сферы действия, откуда исходит что-н., откуда приходит кто-н.","|| при обозначении места или направления (относительно действующего лица или другого предмета), в котором распложено или совершается что-л.",broader
с,preposition,,,"Употр. при обозначении лица или предмета по его происхождению, пребыванию где-н.","Употребляется при обозначении места, предмета и т. п., характеризующего какое-л. лицо или предмет со стороны его происхождения, возникновения, жительства и т. п.",exact
с,preposition,,,"Употр. при обозначении того, что (кто) служит образцом, оригиналом, источником чего-н.","|| при обозначении предмета, лица, служащего образцом для воспроизведения, подражания.",exact
с,preposition,,,"Употр. при обозначении того, что (кто) подвергается чему-н., от чего (кого) отнимается что-н. или что (кто) служит единицей счета.","Употребляется при обозначении лица или предмета, от которого берут, получают, требуют и т. п. что-л.",exact
с,preposition,,,"Употр. при обозначении того, что (кто) подвергается чему-н., от чего (кого) отнимается что-н. или что (кто) служит единицей счета.","|| при обозначении лица или предмета, являющегося единицей исчисления, расчета при взимании, получении чего-л.",broader
с,preposition,,,Употр. при указании на достаточность чего-н. для кого-н.,"Употребляется при указании на лицо, с которым соразмеряется что-л., определяющее для себя достаточность чего-л., какого-л. количества, меры.",exact
с,preposition,,,"Употр. при обозначении того, с чего (с кого) начинается, от чего (от кого)исходит что-н.","Употребляется при обозначении лица, предмета, явления и т. д., которые являются начальными в последовательном ряду чего-л., в развитии чего-л. или служат исходным пунктом, откуда начинается действие.",broader
с,preposition,,,"Употр. при обозначении того, с чего (с кого) начинается, от чего (от кого)исходит что-н.","Употребляется при указании на время, являющееся начальным моментом в развитии, распространении какого-л. действия, состояния.",broader
с,preposition,,,"Употр. при обозначении того, с чего (с кого) начинается, от чего (от кого)исходит что-н.","Употребляется при указании на обстоятельство, действие, состояние, вслед за которым следует или должно следовать какое-л. действие.",broader
с,preposition,,,"По причине, вследствие чего-н.",Употребляется при указании на причину действия или состояния.,exact
с,preposition,,,"На основании чего-н., следуя чему-н.",|| при указании на основание для совершения действия.,exact
с,preposition,,,"При помощи, посредством чего-н., каким-н. способом.","Употребляется при обозначении предмета, орудия, с помощью которого совершается действие.",exact
с,preposition,,,"При помощи, посредством чего-н., каким-н. способом.","|| при обозначении способа, приема осуществления действия (обычно в составе устойчивых сочетаний).",broader
с,preposition,,,"Указывает на приблизительность меры, количества.","Употребляется при указании на приблизительную меру, примерное количество чего-л.; соответствует по значению словам:около,приблизительно.",broader
с,preposition,,,"Указывает на приблизительность меры, количества.","Употребляется при указании на предмет, лицо, к которому приравнивается по величине, размерам другой предмет, лицо.",broader
с,preposition,,,"Указывает на совместность, участие в одном и том же действии или состоянии двух или более лиц и предметов, а также на сопровождение одного лица или предмета другими при совершении какого-н. действия, при каком-н. состоянии.","Служит для обозначения совместности, указывая на предмет или лицо, участвующее в чем-л. вместе с кем-, чем-л.",broader
с,preposition,,,"Указывает на совместность, участие в одном и том же действии или состоянии двух или более лиц и предметов, а также на сопровождение одного лица или предмета другими при совершении какого-н. действия, при каком-н. состоянии.","|| Присоединяя местоимение или существительное к притяжательному местоимению „наш“, „ваш“, указывает на лицо, предмет, которому принадлежит или присуще что-л. так же, как и другому лицу.",broader
с,preposition,,,"Указывает на совместность, участие в одном и том же действии или состоянии двух или более лиц и предметов, а также на сопровождение одного лица или предмета другими при совершении какого-н. действия, при каком-н. состоянии.","|| Употребляется при обозначении кого-, чего-л. входящего совместно с кем-, чем-л. другим в состав, общее количество, сумму кого-, чего-л.",broader
с,preposition,,,"Указывает на наличие чего-н. в чем-н., обладание чем-н.","Употребляется при обозначении лица, предмета, явления и т. п., которое имеется у кого-л. при совершении действия, которым располагает, обладает кто-л.",broader
с,preposition,,,"Указывает на наличие чего-н. в чем-н., обладание чем-н.","Употребляется при указании на предмет, свойство, наличие которого характеризует, определяет другой предмет, лицо, свойство.",broader
с,preposition,,,"Указывает на наличие чего-н. в чем-н., обладание чем-н.","|| при указании на содержимое или содержание чего-л., наличие которого характеризует предмет.",broader
с,preposition,,,"Употр. при обозначении явления или состояния, к-рым сопровождается какое-н. действие.","Употребляется при обозначении действия, состояния, сопровождающего какое-л. другое действие.",broader
с,preposition,,,"Употр. при обозначении явления или состояния, к-рым сопровождается какое-н. действие.","Употребляется при обозначении характера, образа действия.",broader
с,preposition,,,"При посредстве кого-чего-н., используя кого-что-н.","Употребляется при обозначении предмета, лица, посредством или с помощью которого осуществляется действие.",broader
с,preposition,,,Употр. при обозначении цели действия.,Употребляется при обозначении цели действия.,exact
с,preposition,,,"Указывает на соединение, скрепление одного и другого, а также на смежность, близость.","Употребляется при обозначении смежности, близости в пространстве.",broader
с,preposition,,,При наступлении чего-н.,"Употребляется при обозначении времени или события, явления, с наступлением которого осуществляется какое-л. действие или возникает какое-л. состояние.",exact
с,preposition,,,При наступлении чего-н.,"|| При количественно-временных существительных (во мн. ч. или с собирательным значением), а также при существительных с местоимением ""каждый""  употребляется для указания на ряд последовательных промежутков времени и чередующих явлений, по мере наступления которых развивается какое-л. действие или наступает какое-л. состояние.",broader
с,preposition,,,"Указывает на совместность, участие в одном и том же действии или состоянии двух или более лиц и предметов, а также на сопровождение одного лица или предмета другими при совершении какого-н. действия, при каком-н. состоянии.","Употребляется при обозначении лица или предмета, участвующего во взаимном, обоюдном действии.",broader
с,preposition,,,"Указывает на то (того), что (кто) является объектом действия или состояния.","Употребляется при обозначении лица или предмета, к которому устанавливается какое-л. отношение другого лица или предмета (сходство или различие, связь и нарушение ее, соединение и отдаление и т. п.).",exact
с,preposition,,,"Указывает на совместность, участие в одном и том же действии или состоянии двух или более лиц и предметов, а также на сопровождение одного лица или предмета другими при совершении какого-н. действия, при каком-н. состоянии.","|| при указании на лицо или предмет, сопоставляемый, соотносимый с кем-, чем-л. в чем-л. (в действии, признаке и т.п.).",related
с,preposition,,,Употр. при обозначении субъекта состояния.,"Употребляется при указании на лицо или предмет, с которым что-л. происходит, который испытывает, претерпевает что-л.",exact
с,preposition,,,"Указывает на то (того), что (кто) является объектом действия или состояния.","Употребляется при некоторых именах и глаголах для обозначения предмета, лица, на которые направлено действие.",broader
какой-нибудь,pronoun,,,Тот или иной.,"Тот или иной, любой из ряда подобных.",exact
какой-нибудь,pronoun,,,"О небольшом количестве: не больше чего-н.; всего лишь, всего-навсего","Приближающийся к какому-л. количеству, не превышающий какое-л. количество.",related
вялый,adjective,,,"Увядший, завянувший.","Потерявший свежесть, увядший (о растениях).",exact
вялый,adjective,,,"Лишенный бодрости, энергии.","Медлительный от усталости, слабости, лени и т. п.",related
вялый,adjective,,,"Лишенный бодрости, энергии.","Лишенный живого интереса к окружающему, равнодушный и бездеятельный.",related
ценить,verb,,,Назначать цену кому-чему-н.,"Назначать, определять цену кому-, чему-л.",exact
ценить,verb,,,"Признавать то или иное значение, ценность кого-чего-н.","Признавать значение, достоинства, ценность кого-, чего-л.",exact
леди,noun,,,"В Англии: жена лорда, а также замужняя женщина аристократического круга.",Жена лорда или баронета в Англии.,broader
леди,noun,,,"В Англии: жена лорда, а также замужняя женщина аристократического круга.","Наименование замужней женщины, принадлежащей к буржуазно-аристократическому кругу в Англии (обычно присоединяемое к фамилии).",broader
тесный,adjective,,,"Недостаточный по пространству, непросторный.","Такой, в котором мало свободного места, простора, недостаточный по пространству.",exact
тесный,adjective,,,"Недостаточный по величине, ширине.","|| Узкий, ограниченный, лишенный широты.",related
тесный,adjective,,,"Расположенный совсем близко друг к другу, плотно.","Расположенный близко, вплотную друг к другу.",exact
тесный,adjective,,,"Близкий, непосредственный (о связях, отношениях).","||перен.Близкий, непосредственный.",exact
тесный,adjective,,,"Расположенный совсем близко друг к другу, плотно.","Слишком плотно прилегающий, стесняющий движения, узкий (об одежде, обуви).",broader
зимовать,verb,,,"Проводить где-н. зиму, жить где-н. зимой.","Проводить где-л. зиму, оставаться где-л. на зиму.",exact
академик,noun,,,"Член академии (в 1 знач.), а также звание члена академии.",Действительный член академии наук.,broader
академик,noun,,,"Член академии (в 1 знач.), а также звание члена академии.","Звание ученого, художника, скульптора и т. п., избранного в соответствующую академию.",broader
вагон,noun,,,"Несамоходное (при оборудовании мотором - самоходное) транспортное средство, движущееся по рельсам.","Транспортное средство, специально оборудованное для перевозки пассажиров и грузов по рельсовым путям.",exact
черновой,adjective,,,"Сделанный, написанный начерно.","Написанный, подготовленный начерно, не окончательно;противоп.беловой.",exact
черновой,adjective,,,"Сделанный, написанный начерно.","|| Предназначенный для записей начерно, содержащий такие записи.",related
черновой,adjective,,,"Сделанный, написанный начерно.","Сделанный не полностью, не отделанный; предварительный.",related
черновой,adjective,,,"Не требующий специальных знаний, квалификации (о труде).","Подсобный, вспомогательный (о работе, труде).",related
черновой,adjective,,,"Не требующий специальных знаний, квалификации (о труде).","|| То же, чточерный(в 6 знач.).",exact
единый,adjective,,,"обычно с отрицанием. Один, только один.",(обычно с отрицанием). Один.,exact
единый,adjective,,,"обычно с отрицанием. Один, только один.","||Только один, единственный.",related
единый,adjective,,,"Один, общий, объединенный.","Один и тот же, общий; одинаковый.",related
абрикос,noun,,,"Южное фруктовое дерево сем. розоцветных, дающее сочные сладкие плоды с крупной косточкой, а также плод его.",Южное плодовое дерево.,broader
абрикос,noun,,,"Южное фруктовое дерево сем. розоцветных, дающее сочные сладкие плоды с крупной косточкой, а также плод его.",Плод этого дерева оранжевого цвета с крупной косточкой.,broader
авария,noun,,,"Повреждение, выход из строя какого-н. механизма, машины, устройства во время работы, движения (также перен.: о неудаче, провале какого-н. дела, предприятия)","Повреждение, выход из строя какого-л. механизма, машины, транспортного средства и т. п. во время действия, движения.",broader
авария,noun,,,"Повреждение, выход из строя какого-н. механизма, машины, устройства во время работы, движения (также перен.: о неудаче, провале какого-н. дела, предприятия)","|| перен. Неудача, неожиданное нарушение в ходе какого-л. дела.",broader
автомат,noun,,,"Аппарат (машина, прибор, устройство), после включения самостоятельно выполняющий ряд заданных операций.","Самодействующее устройство (аппарат, машина, прибор), производящее работу по заданной программе без непосредственного участия человека.",exact
автомат,noun,,,Индивидуальное автоматическое стрелковое оружие с надевающимся штыком-ножом.,Ручное автоматическое скорострельное оружие — пистолет-пулемет.,exact
аграрный,adjective,,,"Земельный, относящийся к землепользованию.","Относящийся к землевладению, к землепользованию; земельный.",exact
актер,noun,,,"Артист - исполнитель ролей в театральных представлениях, в кино, на телевидении. (перен.: старается показать себя не таким, каков он есть; неодобр.).",Профессиональный исполнитель ролей в театральных представлениях.,broader
актер,noun,,,"Артист - исполнитель ролей в театральных представлениях, в кино, на телевидении. (перен.: старается показать себя не таким, каков он есть; неодобр.).","|| О человеке, показывающем себя не таким, каков он есть на самом деле; о притворщике.",broader
алкоголь,noun,,,Одноатомный спирт (спец.).,Винный спирт.,broader
алкоголь,noun,,,"Вообще вино, спиртные напитки.",|| Разг. Водка и вообще спиртные напитки.,exact
алкоголь,noun,,,Одноатомный спирт (спец.).,"Ряд органических соединений, в состав молекул которых входит группа атомов кислорода и водорода; спирты.",narrower
ансамбль,noun,,,"Согласованность, стройность частей единого целого, а также само такое целое.","Художественная согласованность какого-л. исполнения (драматического, музыкального и т. п.).",broader
ансамбль,noun,,,"Исполнительский коллектив(певцов, музыкантов), а также состав исполнителей.","Группа артистов, выступающая как единый художественный коллектив.",exact
ансамбль,noun,,,"Согласованность, стройность частей единого целого, а также само такое целое.","Музыкальное произведение, предназначенное для группы исполнителей.",broader
ансамбль,noun,,,"Согласованность, стройность частей единого целого, а также само такое целое.","Стройное объединение частей, образующих какое-л. целое (комплекс зданий, сооружений и т. п.).",broader
артачиться,verb,,,"Упрямиться, не соглашаться.","Не соглашаться, упрямиться.",exact
артикул,noun,,,"Тип или род изделия, товара, а также его цифровое или буквенное обозначение.","Тип или род изделия, товара, а также его цифровое или буквенное обозначение.",exact
ассигнация,noun,,,Бумажный денежный знак в России (с 1769 по 1849 г.).,"Название бумажных денежных знаков, выпускавшихся в России с 1769 по 1848 г.",exact
багровый,adjective,,,"Красный густого, темного оттенка.","Густо-красный, пурпуровый.",exact
базар,noun,,,"Место для торговли, обычно на площади, а также розничная торговля на таком месте.","Розничный торг преимущественно съестными припасами, привозимыми самими производителями, происходящий (по определенным дням или ежедневно) на площади или в отведенном для этого помещении.",exact
базар,noun,,,"Шум, крик","О беспорядочном говоре, крике, шуме.",exact
балансировать,verb,,,Сохранять равновесие посредством телодвижений.,Сохранять при неустойчивом положении равновесие посредством телодвижений.,exact
балансировать,verb,,,Подводить баланс (спец.).,Приводить в правильное соотношение между собой взаимно связанные стороны какой-л. деятельности; уравновешивать.,related
баловаться,verb,,,"Шалить, забавляться, а также обращать в забаву что-н. серьезное.","Играть, забавляться.",broader
баловаться,verb,,,"Шалить, забавляться, а также обращать в забаву что-н. серьезное.",|| чем. Заниматься чем-л. ради удовольствия или обращать в забаву что-л. серьезное.,related
баловаться,verb,,,"Делать что-н. ради удовольствия, развлечения (прост.).",|| чем. Заниматься чем-л. ради удовольствия или обращать в забаву что-л. серьезное.,narrower
баловаться,verb,,,"Шалить, забавляться, а также обращать в забаву что-н. серьезное.",Заниматься озорством ради забавы.,related
больно1,adverb,,,"Так, что чувствуется боль.","Причиняя боль, ощущая боль (физическую или душевную).",exact
больно1,adverb,,,"Обидно, неприятно, досадно.","|| с союзом „что“. Разг. Тяжело, неприятно, досадно.",exact
болтать1,verb,,,"Размешивая, приводить в движение (жидкость).","Толчками, покачиванием сосуда приводить в движение находящуюся в нем жидкость.",exact
болтать1,verb,,,"Делать движения (руками, ногами)из стороны в сторону.",Делать движения из стороны в сторону или взад и вперед (чем-л. находящимся на весу).,narrower
болтать1,verb,,,О движении летательного аппарата вовремя болтанки.,"Покачивать из стороны в сторону, подбрасывать (самолет).",exact
болтать2,verb,,,"Говорить (много, быстро, а также о чем-н. незначительном или то, о чем не следует).","Вести легкий, непринужденный разговор, разговаривать.",broader
болтать2,verb,,,"Говорить (много, быстро, а также о чем-н. незначительном или то, о чем не следует).","|| Говорить то, о чем не следует говорить; проговариваться.",broader
валюта,noun,,,"Денежная система страны, а также денежные единицы этой системы.","Денежная единица, положенная в основу денежной системы какой-л. страны.",broader
валюта,noun,,,"Денежная система страны, а также денежные единицы этой системы.",Тип денежной системы данной страны.,broader
валюта,noun,,,Иностранные деньги.,"Денежные знаки иностранных государств, а также кредитные и платежные документы, выраженные в иностранных денежных единицах и используемые в международных расчетах.",narrower
ватный,adjective,,,см. вата.,Прил. к вата.,exact
ватный,adjective,,,см. вата.,"|| Сделанный из ваты, на вате.",related
ватный,adjective,,,"Обмякший, лишенный способности двигаться, действовать.","Обмякший, лишенный способности двигаться, действовать.",exact
величать,verb,,,"Называть, звать (по имени, отчеству, званию)","Выражая уважение, подчеркивая какие-л. достоинства, давать почтительные названия кому-, чему-л.",related
величать,verb,,,"Называть, звать (по имени, отчеству, званию)",|| Устар. и прост. Называть по отчеству.,broader
величать,verb,,,В народных обрядах: чествовать поздравительной песней.,"Петь в честь кого-л. песни, называя по имени, чествовать песнями.",exact
видеть,verb,,,Обладать способностью зрения.,"Иметь зрение, обладать способностью зрения.",exact
видеть,verb,,,"Воспринимать интеллектуально и зрительно (пьесу, фильм, игру актера), смотреть (в 3 знач.).",Воспринимать зрением.,related
видеть,verb,,,Воспринимать зрением.,Воспринимать зрением.,exact
видеть,verb,,,Иметь встречу с кем-н.,"|| Видеться с кем-л., лично встретить кого-л.; лицезреть.",exact
видеть,verb,,,"Со словами ""сон"", ""во сне"": представлять в сновидении.","|| Мысленно представлять, воображать.",related
видеть,verb,,,"Наблюдать, испытывать.","|| Испытывать, переживать, а также встречать что-л., сталкиваться с чем-л.",related
видеть,verb,,,"Сознавать, усматривать.","Сознавать, понимать, чувствовать.",narrower
глава,noun,,,"То же, что голова (в 1 знач.)(устар. и высок.).","То же, что голова (в 1 знач.).",exact
глава,noun,,,Купол церкви.,Купол церковного здания.,exact
глава,noun,,,"Руководитель, начальник, старший по положению.","Тот, кто возглавляет что-л., руководит чем-л., главный, старший над кем-л.",exact
гнилой,adjective,,,"Испорченный гниением, затхлый.","Испорченный или разрушенный гниением; гниющий, разлагающийся.",exact
гнилой,adjective,,,"Испорченный гниением, затхлый.","|| Испорченный, несвежий, затхлый (о воде).",broader
гнилой,adjective,,,"Сырой, несущий болезни.","Сырой, дождливый, туманный (о погоде, климате).",broader
гнилой,adjective,,,"Не имеющий внутреннего стержня, аморальный.",Порочный в каком-л. отношении.,exact
гнить,verb,,,"Разрушаться, подвергаясь органическому разложению.","Разрушаться, подвергаясь органическому разложению; разлагаться.",exact
двести,numeral,,,Число и количество 200.,Число 200.,broader
двести,numeral,,,Число и количество 200.,|| Количество 200.,broader
дикий,adjective,,,"Находящийся в первобытном состоянии (о людях), некультивируемый (о растениях), неприрученный, неодомашненный (о животных).","Находящийся в первобытном, природном состоянии: а) Не прирученный, живущий на воле в отличие от домашнего (о животных и птицах). б) Некультивированный, растущий на свободе в отличие от садового, огородного (о растениях).",broader
дикий,adjective,,,"Находящийся в первобытном состоянии (о людях), некультивируемый (о растениях), неприрученный, неодомашненный (о животных).",Находящийся на ступени первобытной культуры (о людях).,broader
дикий,adjective,,,"Необычайный, очень сильный (разг.).","Переходящий границы нормального, обычного; очень сильный, невероятный.",exact
дикий,adjective,,,"Нелепый, странный(разг.).","Странный, нелепый.",exact
дикий,adjective,,,"Чуждающийся людей, застенчивый.","Избегающий, чуждающийся людей; застенчивый, нелюдимый.",exact
дикий,adjective,,,"Не связанный ни с какими организациями, действующий самостоятельно (разг.).","Не связанный ни с какими организациями, действующий, функционирующий самостоятельно.",exact
жарить,verb,,,"Приготовлять (пищу),держать на сильном жару без воды, в масле, жире.","Приготовлять в пищу (мясо, рыбу, картофель и т. п.), подвергая действию жара без воды.",exact
жарить,verb,,,"Подвергать действию сильного жара, прокаливать (зерна, семена).",|| (сов. нет). Прокаливать на сковородке.,related
жарить,verb,,,"О солнце: обжигать лучами, палить (разг.).","Обжигать лучами, палить (о солнце).",exact
жарить,verb,,,"Подвергать действию сильного жара, прокаливать (зерна, семена).",Жарко топить; накалять.,related
жарить,verb,,,"Подвергать действию сильного жара, прокаливать (зерна, семена).","|| Подвергать действию высокой температуры, прокаливать для очистки.",related
жарить,verb,,,"Употр. вместо любого глагола для обозначения быстрого, энергичного действия (прост.).","Употребляется вместо того или иного глагола для обозначения действия, выполняемого с особой силой, страстностью, азартностью и т. п. (с сохранением управления этого глагола).",exact
зять,noun,,,Муж дочери или 1 сестры.,Муж дочери.,broader
зять,noun,,,Муж дочери или 1 сестры.,Муж сестры.,broader
иной,adjective,,,"Другой, отличающийся от этого.","Другой, не тот, не такой, отличающийся от этого (или от прежнего).",exact
каменный,adjective,,,см. камень.,Прил. к камень.,exact
каменный,adjective,,,см. камень.,|| Состоящий из камня (камней).,broader
каменный,adjective,,,см. камень.,"|| Сделанный, построенный из камня.",broader
каменный,adjective,,,"Безжизненный, застывший.","Неподвижный, застывший, безжизненный.",exact
каменный,adjective,,,"Безжалостный, жестокий.","Равнодушный, бесчувственный, жестокий.",exact
каменный,adjective,,,"Употр. в названиях нек-рых растений, минералов (спец.).","Как составная часть некоторых ботанических, зоологических и минералогических названий.",exact
лететь,verb,,,"Нестись, передвигаться по воздуху.","Передвигаться, перемещаться по воздуху с помощью крыльев.",broader
лететь,verb,,,"То же, что падать (в 1 знач.) (разг.).",Падать.,exact
лететь,verb,,,"То же, что мчаться.",Мчаться (по земной или водной поверхности).,exact
лететь,verb,,,О времени: быстро проходить.,Быстро проходить (о времени).,exact
лететь,verb,,,"Быстро изменяться в цене, в уровне (разг.).","Быстро изменяться (о цене, уровне и т. п.).",exact
лететь,verb,,,"Ломаться, нарушаться (разг.).","Ломаться, портиться, нарушаться.",exact
любоваться,verb,,,"Рассматривать, наблюдать с удовольствием, с восхищением.","Рассматривать кого-, что-л. с восхищением, удовольствием.",exact
любовь,noun,,,"Глубокое эмоциональное влечение, сильное сердечное чувство.","Чувство глубокой привязанности к кому-, чему-л.",exact
любовь,noun,,,"Чувство глубокого расположения, самоотверженной и искренней привязанности.","|| Чувство расположения, симпатии к кому-л.",exact
любовь,noun,,,"Глубокое эмоциональное влечение, сильное сердечное чувство.","Чувство горячей сердечной склонности, влечение к лицу другого пола.",related
любовь,noun,,,"Предмет любви (тот или та, кого кто-н. любит, к кому испытывает влечение, расположение).","|| О человеке, внушающем такое чувство.",exact
любовь,noun,,,"Интимные отношения, интимная связь (прост.).",|| Любовные отношения.,related
любовь,noun,,,"Постоянная, сильная склонность, увлеченность чем-н.","Внутреннее стремление, влечение, склонность, тяготение к чему-л.",exact
любовь,noun,,,"Пристрастие, вкус к чему-н.","|| Пристрастие к чему-л., предпочтение чего-л.",exact
любовный,adjective,,,"1. см. любовь. (Глубокое эмоциональное влечение, сильное сердечное чувство. + Чувство глубокого расположения, самоотверженной и искренней привязанности. + Интимные отношения, интимная связь (прост.). )",Связанный с любовью (во 2 знач.).,related
любовный,adjective,,,"Выражающий любовь (в 1 знач.), проникнутый любовью.","|| Выражающий любовь (в 1 и 2 знач.), проникнутый любовью к кому-л.",exact
любовный,adjective,,,Внимательно-заботливый.,"Очень внимательный, заботливый, бережный.",exact
медленный,adjective,,,"Совершающийся с небольшой скоростью, осуществляющийся неторопливо.","Совершающийся, осуществляемый с небольшой скоростью, неторопливо; противоп. быстрый.",exact
медленный,adjective,,,"Совершающийся с небольшой скоростью, осуществляющийся неторопливо.","|| Неторопливый в движениях, действиях; медлительный.",related
медленный,adjective,,,"Происходящий длительно, неспешный.","Протекающий, происходящий постепенно в течение длительного промежутка времени.",exact
мимо,adverb,,,Минуя что-н.,"Не останавливаясь, не задерживаясь, минуя.",broader
мимо,adverb,,,Минуя что-н.,"Минуя кого-, что-л.. в самой непосредственной близости.",broader
мимо,preposition,,,"Не достигая кого-чего-н., не сближаясь с кем-чем-н.","Не задерживаясь около кого-, чего-л., минуя кого-, что-л.",related
мимо,preposition,,,"Не достигая кого-чего-н., не сближаясь с кем-чем-н.","Не попадая в кого-, что-л., не задевая кого-, чего-л.",related
нырять,verb,,,Резким движением погружаться в воду с головой.,Погружаться в воду с головой.,exact
нырять,verb,,,"Плывя (или летя, двигаясь), покачиваться взад и вперед.","Плывя по волнам, то подниматься на гребень, то опускаться, зарываясь носом в волну.",exact
опомниться,verb,,,"Прийти в сознание, вернуть себе самообладание.","Прийти в сознание после обморока, забытья; очнуться.",broader
опомниться,verb,,,"Прийти в сознание, вернуть себе самообладание.","|| Обрести способность хладнокровно действовать, рассуждать; прийти в себя.",broader
опомниться,verb,,,"То же, что одуматься.","Поняв ошибочность своего поведения, своих намерений, отказаться от них; одуматься, образумиться.",exact
опыт,noun,,,"Отражение в сознании людей законов объективного мира и общественной практики, полученное в результате их активного практического познания (спец.).","Совокупность знаний, навыков, умения, вынесенных из жизни, практической деятельности и т. п.",exact
опыт,noun,,,"Отражение в сознании людей законов объективного мира и общественной практики, полученное в результате их активного практического познания (спец.).","|| То, что уже имело место, что уже было испытано на практике, в жизни, с чем приходилось встречаться.",related
опыт,noun,,,"Совокупность знаний и практически усвоенных навыков, умений.","Вся совокупность чувственных восприятий, приобретаемых в процессе взаимодействия человека с внешней природой и составляющих источник и основу всех наших знаний о материальном мире.",related
опыт,noun,,,"Воспроизведение какого-н. явления экспериментальным путем, создание чего-н. нового в определенных условиях с целью исследования, испытания.","Воспроизведение какого-л. явления или наблюдение нового явления в определенных условиях с целью изучения, исследования; эксперимент.",exact
опыт,noun,,,"Попытка осуществить что-н., пробное осуществление чего-н.","Попытка осуществить что-л., пробное осуществление чего-л.",exact
опытный,adjective,,,см. опыт. (1 и 3 зн.),"Обладающий опытом (в 1 знач.), знаниями, навыками в каком-л. деле, профессии, ремесле.",broader
опытный,adjective,,,Обладающий опытом (во 2 знач.).,"|| Такой, в котором проявляется опыт, знания, навык к чему-л.",exact
опытный,adjective,,,Обладающий опытом (во 2 знач.).,"|| Искусный, умелый (о руках).",broader
опытный,adjective,,,Обладающий опытом (во 2 знач.).,"|| Наметанный, изощренный (о слухе, зрении).",broader
опытный,adjective,,,Обладающий опытом (во 2 знач.).,|| Обладающий большим жизненным опытом.,broader
опытный,adjective,,,см. опыт. (1 и 3 зн.),Предназначенный для ведения опытов.,broader
опытный,adjective,,,см. опыт. (1 и 3 зн.),"|| Производимый с целью испытания, пробы.",broader
опытный,adjective,,,см. опыт. (1 и 3 зн.),"|| Пробный, экспериментальный.",broader
опытный,adjective,,,см. опыт. (1 и 3 зн.),"|| Выращенный, выведенный в результате опытов.",broader
опытный,adjective,,,см. опыт. (1 и 3 зн.),"Основанный на опыте, эксперименте.",broader
отстать,verb,,,"Задержавшись, двигаясь медленнее других, остаться позади.","Двигаясь медленнее других или задержавшись в пути, оказаться позади.",exact
отстать,verb,,,"Опоздав куда-н., остаться на месте.","Выйдя в пути из поезда, машины и т. п., остаться на месте, не успев сесть обратно.",broader
отстать,verb,,,"В своем развитии, деятельности остаться позади других, дать себя обогнать (во 2 знач.).","Делая что-л. медленнее других, оказаться последним, позади других в выполнении какого-л. дела.",broader
отстать,verb,,,"В своем развитии, деятельности остаться позади других, дать себя обогнать (во 2 знач.).","|| ( обычно с отрицанием). Не суметь вполне овладеть тем, чем владеет другой, что умеет делать другой.",related
отстать,verb,,,"В своем развитии, деятельности остаться позади других, дать себя обогнать (во 2 знач.).","В результате замедленного развития не достичь необходимого уровня, оказаться на более низком уровне по сравнению с другими.",exact
отстать,verb,,,"О часах: показать более раннее время, чем в действительности из-за замедленного хода механизма.","В результате замедленного хода показать более раннее время, чем в действительности (о часах).",exact
отстать,verb,,,"Отделиться, отвалиться.",Отделиться от чего-л.; отвалиться.,exact
отстать,verb,,,"Потерять, прекратить связь с кем-чем-н., перестать заниматься чем-н. (разг.).","Потерять связь с кем-л., утратить прежние близкие, дружеские и т. п. отношения; отдалиться, отойти.",broader
отстать,verb,,,"Потерять, прекратить связь с кем-чем-н., перестать заниматься чем-н. (разг.).","Перестать делать что-л., заниматься, интересоваться чем-л.",broader
отстать,verb,,,"Перестать надоедать, приставать (разг.).","Перестать надоедать кому-л., оставить кого-л. в покое; отвязаться.",exact
повесть,noun,,,"Литературное повествовательное произведение с сюжетом менее сложным, чем в романе.","Повествовательное произведение с сюжетом менее сложным, чем в романе, и обычно меньшее по объему.",exact
повесть,noun,,,"То же, что повествование (устар.).","|| Устар. Повествование, рассказ.",exact
папка,noun,,,"Род загибающейся с краев обложки, в к-рую вкладываются бумаги, рисунки.","Обложка из картона, кожи и т. п. для хранения бумаг.",exact
память,noun,,,"Способность сохранять и воспроизводить в сознании прежние впечатления, опыт, а также самый запас хранящихся в сознании впечатлений, опыта.",Способность сохранять и воспроизводить в сознании прежние впечатления.,broader
память,noun,,,"Способность сохранять и воспроизводить в сознании прежние впечатления, опыт, а также самый запас хранящихся в сознании впечатлений, опыта.",|| Запас хранимых в сознании впечатлений.,broader
память,noun,,,"То же, что воспоминание о ком-чем-н.","Воспоминание о ком-, чем-л.",exact
память,noun,,,"То, что связано с умершим (воспоминания о нем, чувства к нему).",|| чья. Воспоминание об умершем.,broader
памятный,adjective,,,"Сохраняемый в памяти, незабываемый.","Хорошо сохранившийся в памяти, незабываемый.",exact
памятный,adjective,,,"Служащий для справок, записей, для сохранения чего-н. в памяти.","Служащий для заметок, для напоминания о чем-л.",exact
песня,noun,,,"Стихотворное и музыкальное произведение для исполнения голосом, голосами.",Словесно-музыкальное произведение для пения.,exact
песня,noun,,,Звуки птичьего пения.,|| перен. Пение птиц.,exact
план,noun,,,"Чертеж, изображающий на плоскости какую-н. местность, сооружение.","Чертеж, изображающий в масштабе на плоскости местность, предмет, сооружение и т. п. с полным сохранением их пропорций.",exact
план,noun,,,"Заранее намеченная система деятельности, предусматривающая порядок, последовательность и сроки выполнения работ.","Заранее намеченная система мероприятий, предусматривающая порядок, последовательность и сроки выполнения работ, операций и т. д., объединенных общей целью.",exact
план,noun,,,"Предположение, предусматривающее ход, осуществление чего-н.","Предположение, замысел, предусматривающие ход, развитие чего-л.",exact
план,noun,,,"Взаимное расположение частей, краткая программа какого-н.","Определенный порядок, последовательность изложения чего-л.",related
план,noun,,,"Место, расположение какого-н. предмета в перспективе.","Место, расположение какого-л. предмета в перспективе с точки зрения удаленности его от зрителя, местонахождения его по отношению к зрителю.",exact
план,noun,,,Масштаб изображения кого-чего-н.,"|| Кино. Масштаб изображения на экране снимаемых лиц, предметов.",broader
план,noun,,,"Область проявления чего-н. или способ рассмотрения чего-и., точка зрения (книжн.).","Та или иная область, сфера проявления чего-л.",broader
план,noun,,,"Область проявления чего-н. или способ рассмотрения чего-и., точка зрения (книжн.).","|| Точка зрения, способ рассмотрения чего-л.",broader
плясать,verb,,,Танцевать (обычно народный танец).,Танцевать (обычно какой-л. народный танец).,exact
плясать,verb,,,"Трястись, подпрыгивать (разг.).","Двигаться скачками, подпрыгивая, кругообразно, как бы танцуя.",related
плясать,verb,,,"Трястись, подпрыгивать (разг.).","|| Дрожать, трястись, подпрыгивать.",related
побыть,verb,,,Быть (в 1 и 2 знач.) нек-рое время.,"Быть, находиться где-л. некоторое время.",exact
побыть,verb,,,Быть (в 1 и 2 знач.) нек-рое время.,"Пробыть некоторое время в каком-л. положении, состоянии и т. п.",related
поздно,adverb,,,"После обычного, установленного или нужного времени.",Нареч. к поздний.,narrower
поздно,adverb,,,"В конце того времени, поры, к-рые названы наречием (без него – о позднем вечере).",Нареч. к поздний.,narrower
поздно,adverb,,,"В конце того времени, поры, к-рые названы наречием (без него – о позднем вечере).",О позднем времени.,related
поздно,adverb,,,"После обычного, установленного или нужного времени.",Об упущенном моменте.,related
поздний,adjective,,,"Принадлежащий, относящийся к последней, заключительной поре чего-н., приближающийся к исходу.","Представляющий собой конечную пору суток или какой-л. части суток, года.",exact
поздний,adjective,,,"Принадлежащий, относящийся к последней, заключительной поре чего-н., приближающийся к исходу.","|| Относящийся к конечной поре суток, связанный с конечной порой суток.",broader
поздний,adjective,,,"Принадлежащий, относящийся к последней, заключительной поре чего-н., приближающийся к исходу.",|| Составляющий конечный этап чего-л.,broader
поздний,adjective,,,"Наступающий, приходящий после обычного или нужного времени, запоздалый. Весна нынче поздняя.","Задержавшийся появлением, наступивший, совершенный после обычного или нужного времени; запоздалый.",exact
поздний,adjective,,,"Бывающий, появляющийся после других.","|| Существующий после обычного для кого-, чего-л. времени, один из последних.",related
полотно,noun,,,"Гладкая льняная или хлопчатобумажная ткань, выработанная из основы и утка одинаковой толщины и плотности.","Гладкая льняная или хлопчатобумажная ткань, у которой каждая нить основы переплетается с каждой нитью утка, а также искусственная или шелковая ткань подобного переплетения.",exact
полотно,noun,,,Картина(обычно на холсте).,Картина художника (обычно на холсте).,exact
полотно,noun,,,"Лента, полоса в механизме, в каком-н. устройстве.","Лента, полоса, составляющая часть какого-л. механизма, устройства.",exact
полотно,noun,,,"Дорожная насыпь, основание для верхнего покрытия дороги.","|| Спец. Дорожная насыпь, грунтовое, гравийное и т. п. основание железнодорожного пути, автогужевой дороги.",exact
полотно,noun,,,Плоская тонкая часть режущего инструмента (спец.).,"То же, что полотнище (в 3 знач.).",exact
полотнище,noun,,,Отрезок ткани во всю ширину сотканного куска.,Кусок ткани в натуральную ширину (как соткано).,exact
полотнище,noun,,,"То же, что полотно (во 2 и 5 знач.).","Плоская, тонкая часть какого-л. инструмента, орудия.",broader
полоть,verb,,,"Очищать от сорных растений, а также удалять их откуда-н.","Вырывая, выдергивая сорные травы, очищать (огород, гряды и т. п.).",broader
полоть,verb,,,"Очищать от сорных растений, а также удалять их откуда-н.","|| (несов. выполоть). Вырывать, выдергивать (сорные травы, ненужные растения).",broader
парад,noun,,,"Торжественное прохождение войск (кораблей, самолетов),а также спортсменов.",Торжественное прохождение войск по случаю каких-л. торжеств.,broader
парад,noun,,,"То же, что парадность(разг. шутл.).","|| Торжественность, пышность.",exact
пансионат,noun,,,Гостиница с полным содержанием для живущих в ней.,Род гостиницы для отдыхающих.,related
панорама,noun,,,"Вид(во 2 знач.), открывающийся с высоты, с открытого места.","Широкий вид какой-л. местности, открывающийся с высоты, с возвышенности.",exact
панорама,noun,,,"Вид(во 2 знач.), открывающийся с высоты, с открытого места.",|| Зрелище чего-л. происходящего на широком пространстве.,related
панорама,noun,,,"Больших размеров картина с объемными предметами(макетами) на переднем плане, обычно занимающая стены круглого, с верхним светом здания.","Громадная картина с объемным первым планом, обычно помещаемая по стене круглого здания с верхним светом.",exact
панорама,noun,,,В артиллерийских орудиях и реактивных установках: визирный и угломерный оптический прибор (спец.).,Оптический угломерный прибор для увеличения точности наводки орудия.,exact
пересечь,verb,,,"Перейти через что-н., поперек чего-н.","Перейти, переехать что-л. поперек.",exact
пересечь,verb,,,Пройти по поверхности чего-н. от одного края к другому. Область пересекут две железные дороги.,"|| Расположиться, пройти по поверхности чего-л. от одного края к другому; перере́зать.",exact
пересечь,verb,,,"То же, что преградить (в 1 знач.).","Преградить, перерезать (путь, дорогу).",exact
поганый,adjective,,,"Не употребляемый в пищу вследствие ядовитости, нечистоты.","Не употребляемый в пищу, несъедобный.",exact
поганый,adjective,,,"Нечистый с религиозной точки зрения[первонач. нехристианский, языческий] (устар.).","|| Запретный, нечистый с религиозной точки зрения.",exact
поганый,adjective,,,"Предназначенный для отбросов, нечистот (разг).","Предназначенный для отбросов, нечистот.",exact
поганый,adjective,,,"Очень плохой, отвратительный (прост.).","Мерзкий, отвратительный, скверный.",exact
поганый,adjective,,,"Очень плохой, отвратительный (прост.).","|| Плохого качества, дрянной.",related
поганый,adjective,,,"Нечистый с религиозной точки зрения[первонач. нехристианский, языческий] (устар.).",Нехристианский.,broader
поганка,noun,,,"Несъедобный, ядовитый гриб.",Несъедобный гриб.,exact
позор,noun,,,"Бесчестье, постыдное, унизительное положение.","Постыдное, унизительное для кого-л. положение, вызывающее презрение; бесчестье.",exact
позорище,noun,,,"Позорное явление, позор.","Позорное явление, позор.",exact
полный,adjective,,,"Содержащий в себе что-н. до возможных пределов, наполненный, занятый чем-н. целиком.","Наполненный чем-л. доверху, до краев.",exact
полный,adjective,,,"Содержащий в себе что-н. до возможных пределов, наполненный, занятый чем-н. целиком.","Содержащий в себе, вместивший в себя предельное количество, много людей или чего-л.",broader
полный,adjective,,,"Целиком проникнутый, охваченный чем-н.","Целиком проникнутый, охваченный, заполненный чем-л.",exact
полный,adjective,,,"Целиком проникнутый, охваченный чем-н.","|| чего. Ярко выражающий какое-л. чувство, переживание (о глазах, взоре и т. п.).",broader
полный,adjective,,,"Целиком проникнутый, охваченный чем-н.","|| кем-чем. Всецело увлеченный, захваченный кем-, чем-л.",broader
полный,adjective,,,"Цельный, вполне законченный; исчерпывающий.","Взятый во всем объеме, во всю величину; целый, весь.",exact
полный,adjective,,,"Цельный, вполне законченный; исчерпывающий.","|| Включающий все необходимые составные части, без изъятий.",broader
полный,adjective,,,"Цельный, вполне законченный; исчерпывающий.",|| Исчерпывающий.,broader
полный,adjective,,,"Цельный, вполне законченный; исчерпывающий.","|| Завершенный, доведенный до конца.",broader
полный,adjective,,,"Достигающий предела, наивысший.","Достигший высшего развития, предела.",exact
полный,adjective,,,"Достигающий предела, наивысший.","|| Наивысший, максимальный, предельный (о скорости, силе и т. п.).",broader
полный,adjective,,,"Достигающий предела, наивысший.","|| Не ослабленный, во всю силу (о голосе, памяти и т. п.).",broader
полный,adjective,,,"О человеке: толстый, тучный.","Упитанный, в меру толстый; противоп. худой.",related
порог,noun,,,"Поперечный брусок, закрывающий проем между дверью и полом.",Брус на полу под дверью (обычно деревянный).,exact
порог,noun,,,"Преддверие, граница чего-н. (книжн.).","Преддверие, начало чего-л., рубеж.",exact
порог,noun,,,"Каменистое возвышение речного дна, ускоряющее течение и затрудняющее судоходство.","Каменистое поперечное возвышение дна реки, нарушающее плавность ее течения.",exact
порог,noun,,,"Наименьшая возможная величина, граница проявления чего-н. (спец.)","Наименьшая величина, степень проявления чего-л.",exact
причина,noun,,,"Явление, вызывающее, обусловливающее возникновение другого явления.","Явление, обстоятельство, непосредственно порождающее, обусловливающее другое явление — следствие.",exact
причина,noun,,,"Основание, предлог для каких-н. действий.","Основание, повод, предлог для каких-л. действий, поступков.",exact
процесс,noun,,,"Ход, развитие какого-н. явления, последовательная смена состояний в развитии чего-н.","Последовательная смена каких-л. явлений, состояний и т. п., ход развития чего-л.",exact
процесс,noun,,,Развивающаяся болезнь.,Развивающееся болезненное состояние.,exact
процесс,noun,,,"Порядок разбирательства судебных и административных дел, а также само такое дело.",Порядок разбирательства судебных дел; судопроизводство.,broader
процесс,noun,,,"Порядок разбирательства судебных и административных дел, а также само такое дело.",|| Разбор дела судом.,broader
проявить,verb,,,"Совершая, делая что-н., обнаружить наличие каких-н. качеств, свойств.","Обнаружить, выявить какое-л. свое свойство или состояние.",exact
проявить,verb,,,Обработать проявителем.,"Химической обработкой превратить скрытое изображение на пленке, пластинке в видимое.",exact
пустой,adjective,,,"Ничем незаполненный, полый внутри, лишенный содержимого.",Ничем не заполненный (о каком-л. вместилище).,broader
пустой,adjective,,,"Ничем незаполненный, полый внутри, лишенный содержимого.",|| Полый внутри.,broader
пустой,adjective,,,"Ничем незаполненный, полый внутри, лишенный содержимого.","|| Не занятый кем-, чем-л., обычно находящимся в нем или на нем.",broader
пустой,adjective,,,"Ничем незаполненный, полый внутри, лишенный содержимого.","|| Разг. Свободный от занятий, дел и т. п.",broader
пустой,adjective,,,"Ничем незаполненный, полый внутри, лишенный содержимого.","|| Разг. Ничем не заправленный, не сдобренный (о пище).",broader
пустой,adjective,,,"Бессодержательный, неосновательный, несерьезный.","Неосновательный, лишенный серьезного значения.",exact
пустой,adjective,,,"Бессодержательный, неосновательный, несерьезный.","|| Бесполезный, бесплодный.",broader
пустой,adjective,,,"Бессодержательный, неосновательный, несерьезный.",|| Бессодержательный.,broader
раз,noun,,,"Обозначение однократного действия (при подсчете, указании на количество).",В сочетании с числительным „один“ или без него указывает на однократность какого-л. действия.,exact
раз,noun,,,"Обозначение однократного действия (при подсчете, указании на количество).",|| В сочетании с прочими количественными числительными и количественными словами указывает на повторяемость действия.,broader
раз,noun,,,"Случай, явление в ряду однородных (повторяющихся или возможных) действий, проявлений чего-н.","В сочетании с прилагательными, числительными или указательными местоимениями указывает место данного действия, случая и т. п. в ряду других повторяющихся действий, случаев и т. п.",exact
раб,noun,,,"В рабовладельческом обществе: человек, лишенный всех прав и средств производства и являющийся полной собственностью владельца, распоряжающегося его трудом и жизнью.","Человек, лишенный средств производства и являющийся полной собственностью своего господина — рабовладельца, представитель угнетенного класса при рабовладельческом строе.",exact
раб,noun,,,"В рабовладельческом обществе: человек, лишенный всех прав и средств производства и являющийся полной собственностью владельца, распоряжающегося его трудом и жизнью.","|| Тот, кто является частной собственностью другого, имеющего право на его личность, труд и имущество; крепостной.",broader
раб,noun,,,"Зависимый, угнетенный человек.","|| Тот, кто зависит от другого, кто лишен свободы действий в силу экономической эксплуатации, политической зависимости и т. п.",broader
раб,noun,,,"Человек, к-рый целиком подчинил кому-чему-н. себя, свою волю, поступки (книжн.).","Тот, кто целиком подчинил чему-л. свою волю, свои поступки.",exact
работа,noun,,,"Занятие, труд, деятельность.","Действие по знач. глаг. работать; деятельность, занятие, труд.",exact
работа,noun,,,"Занятие, труд, деятельность.","Та или иная деятельность по созданию, изготовлению, обработке чего-л.",related
работа,noun,,,"Служба, занятие как источник заработка.","Служба, занятие, труд на каком-л. предприятии, в каком-л. учреждении.",exact
работа,noun,,,"Служба, занятие как источник заработка.",|| Место службы.,broader
работа,noun,,,"Материал, подлежащий обработке, находящийся в процессе изготовления.","То, что подлежит обработке, находится в процессе изготовления.",exact
работа,noun,,,"Продукт труда, готовое изделие.","Продукт труда, изделие, произведение.",exact
работа,noun,,,"Качество, способ исполнения.","Качество или какой-л. способ, манера исполнения, изготовления.",exact
работа,noun,,,Процесс превращения одного вида энергии в другой (спец.); вообще нахождение в действии.,"Мера действия силы на тело, перемещаемое этой силой по определенному пути.",related
рабочий,adjective,,,"Относящийся к рабочим1, состоящий из рабочих1, принадлежащий, свойственный им.","Относящийся к рабочим1, принадлежащий рабочим, находящийся в руках рабочих, выражающий интересы рабочих.",exact
рабочий,adjective,,,"Относящийся к рабочим1, состоящий из рабочих1, принадлежащий, свойственный им.",|| Состоящий из рабочих.,broader
рабочий,adjective,,,Живущий своим трудом (разг.).,"Работающий, живущий своим трудом.",exact
рабочий,adjective,,,"Непосредственно выполняющий работу, осуществляющий определенное действие, производящий полезную работу.","Работающий, производящий полезную работу (о животных).",related
рабочий,adjective,,,"Непосредственно выполняющий работу, осуществляющий определенное действие, производящий полезную работу.","Производящий полезную работу, полезное действие (о механизме, части механизма).",related
рабочий,adjective,,,"Непосредственно выполняющий работу, осуществляющий определенное действие, производящий полезную работу.","|| Связанный с полезной работой механизма, части механизма.",related
рабочий,adjective,,,"Предназначенный для работы, используемый в какой-н.,работе.","Относящийся к работе (в 1 знач.), связанный с ней.",broader
рабочий,adjective,,,"Предназначенный для работы, используемый в какой-н.,работе.","|| Отведенный, предназначенный для работы.",broader
рабочий,adjective,,,"Предназначенный для работы, используемый в какой-н.,работе.","Необходимый для работы (в 1 знач.), являющийся вспомогательным средством при работе, используемый в работе.",broader
рабочий,adjective,,,Служащий непосредственным руководством для проведения работы.,|| Служащий непосредственным руководством для проведения работы.,exact
работать,verb,,,"Заниматься чем-н., применяя свой труд, осуществлять какую-н. деятельность.","Заниматься каким-л. делом, применяя свой труд; трудиться.",exact
работать,verb,,,"Заниматься чем-н., применяя свой труд, осуществлять какую-н. деятельность.","|| Быть занятым где-л. трудом, иметь где-л. какое-л. занятие, состоять где-л. на службе.",broader
работать,verb,,,"Иметь где-н. какое-н. постоянное занятие, должность, служить.","|| кем. Состоять в какой-л. должности, исполнять обязанности, выполнять труд кого-л.",exact
работать,verb,,,"Трудиться над чем-н., а также вообще находиться в действии, в работе.","Трудясь, создавать, совершенствовать или изучать что-л.",related
работать,verb,,,Обслуживать кого-что-н. своим трудом.,"Заниматься каким-л. трудом, обеспечивая или обслуживая кого-, что-л.",exact
работать,verb,,,Обслуживать кого-что-н. своим трудом.,"|| перен. Действовать в пользу кого-, чего-л., в чьих-л. интересах.",broader
работать,verb,,,"Приводить в действие, управлять чем-н.","Приводить что-л. в действие, управлять, действовать чем-л. (инструментом, орудием).",exact
работать,verb,,,"Приводить в действие, управлять чем-н.",|| Усиленно двигать чем-л. (какой-л. частью тела).,broader
работать,verb,,,"Приводить в действие, управлять чем-н.","|| с чем. В процессе труда пользоваться чем-л. как инструментом, пособием и т. п.",broader
работать,verb,,,"В нек-рых сочетаниях: действовать, быть в действии.","Находиться в действии, действовать (о механизмах, агрегатах, устройствах и т. п.).",exact
работать,verb,,,"В нек-рых сочетаниях: действовать, быть в действии.","|| на чем. Действовать тем или иным способом, с помощью тех или иных приспособлений, материалов и т. п.",broader
работать,verb,,,"В нек-рых сочетаниях: действовать, быть в действии.","|| Действовать, выполнять свое назначение (об органах тела).",broader
работать,verb,,,"Трудиться над чем-н., а также вообще находиться в действии, в работе.","Делать, изготовлять что-л.",related
сажать,verb,,,"Просить, заставлять или давать возможность сесть.","Помогать, предлагать или заставлять сесть.",exact
сажать,verb,,,"Просить, заставлять или давать возможность сесть.","|| Помогать занять место, расположиться где-л. для поездки.",broader
сажать,verb,,,"Принуждать к какому-н. длительному действию, занятию, состоянию.","Заставлять сесть за какое-л. дело, предлагать заняться чем-л.",exact
сажать,verb,,,"Принуждать к какому-н. длительному действию, занятию, состоянию.","|| обычно на что, кем-чем. Разг.Определять, назначать на какое-л. место, должность.",related
сажать,verb,,,Помещать куда-н. на длительное время.,"Помещать, заключать куда-л., лишая свободы, ограничивая возможности передвижения и т. п.",related
сажать,verb,,,"Принуждать к какому-н. длительному действию, занятию, состоянию.","|| на что. Разг. Заставлять придерживаться какого-л. режима, ограничивать чем-л.",related
сажать,verb,,,Закапывать корнями в землю или сеять для выращивания.,"Зарывать в землю корни саженцев, семена, клубни, луковицы и т. п. с целью выращивания растений.",exact
сажать,verb,,,Ставить в печь для выпечки.,"Помещать, ставить в печь, сушилку и т. п. (для выпекания, обжига, сушки и т. п.).",exact
сажать,verb,,,Наносить на поверхность или прикреплять к какой-н. поверхности (разг.).,"Располагая каким-л. образом, прилаживать, прикреплять, пришивать и т. д. к чему-л.",broader
сажать,verb,,,Наносить на поверхность или прикреплять к какой-н. поверхности (разг.).,"|| Наносить на какую-л. поверхность, оставлять какие-л. следы на чем-л.",broader
салон,noun,,,"Комната для приема гостей в богатом доме (устар.), а также общая гостиная в отеле.","Комната, помещение для приема гостей; гостиная.",broader
салон,noun,,,"Политический или литературно-художественный кружок из людей избранного круга, собирающийся в доме какого-н. частного лица (устар.).","Круг избранных лиц, собиравшихся в частном доме и объединенных общими интересами (литературными, художественными или политическими и т. д.).",exact
салон,noun,,,"Комната для приема гостей в богатом доме (устар.), а также общая гостиная в отеле.","Комната, помещение для отдыха на судне, в гостинице, пансионате и т. д.",broader
салон,noun,,,"Помещение для выставок, демонстрации товаров, а также магазин, где продаются художественно изготовленные товары, произведения искусства, или ателье, где работа выполняется художественно.","Зал, помещение для демонстрации и продажи художественных изделий, произведений искусства и т. п., а также некоторых промышленных товаров (одежды, мехов, аппаратов и т. д.).",exact
салон,noun,,,"Внутреннее помещение для пассажиров в автобусе, троллейбусе, самолете, а также зал ожидания в ателье, парикмахерской.","Внутреннее помещение для пассажиров в автобусе, троллейбусе, самолете и т. п.",exact
тёплый,adjective,,,"Нагретый, дающий или содержащий тепло.","Дающий, источающий тепло.",exact
тёплый,adjective,,,"Нагретый, дающий или содержащий тепло.","|| Слегка нагретый, с повышенной температурой.",broader
тёплый,adjective,,,"Не знающий морозов, южный (о климате, местности).","|| С повышенной температурой воздуха, без холодов (о погоде, времени года, суток).",exact
тёплый,adjective,,,Хорошо защищающий тело от холода.,Хорошо защищающий тело от холода.,exact
тёплый,adjective,,,Имеющий отопление.,|| Отапливаемый или утепленный.,narrower
тёплый,adjective,,,"Ласковый, приветливый.","Отличающийся внутренней теплотой, согревающий душу, ласковый, приветливый.",exact
тёплый,adjective,,,"Ласковый, приветливый.","|| Проникнутый добрым, любовным чувством по отношению к кому-, чему-л.",broader
тёплый,adjective,,,"Ласковый, приветливый.",|| Выражающий душевную теплоту.,broader
убийственный,adjective,,,"То же, что смертоносный (устар.).","Убивающий, причиняющий смерть; смертоносный.",exact
убийственный,adjective,,,"Вредный, тяжелый, крайне неприятный или губительный.","Крайне тяжелый, неприятный, имеющий дурные последствия или вредный, губительный.",exact
убийственный,adjective,,,"Вредный, тяжелый, крайне неприятный или губительный.",|| Разг. Невыносимо плохой.,broader
убийственный,adjective,,,"Крайний, чрезвычайный (о чем-н. неприятном, отрицательном) (разг.).","Чрезвычайный, необыкновенный по силе проявления, воздействия и т. п.",exact
учить,verb,,,"Передавать кому-н. какие-н. знания, навыки.","Передавать кому-л. какие-л. знания, навыки.",exact
учить,verb,,,"Передавать кому-н. какие-н. знания, навыки.","|| (сов. научить) чему или с неопр.Прививать кому-л., воспитывать в ком-л. какие-л. качества, навыки и т. п.",related
учить,verb,,,"Передавать кому-н. какие-н. знания, навыки.","|| (сов. научить). Обогащать опытом, знаниями, пониманием окружающего.",related
учить,verb,,,"Наставлять; передавать свой опыт, свои взгляды.","Наставлять, давать советы, указания.",exact
учить,verb,,,"Бить, наказывать (устар. прост.).",|| Разг. Наказывать.,exact
учить,verb,,,"Высказывать, обосновывать какую-н. мысль, положение.","Обосновывать, развивать (какую-л. мысль, теорию и т. п.).",exact
учить,verb,,,"Занимаясь, усваивать, запоминать.","Повторяя что-л., запоминать, усваивать.",exact
фальшивый,adjective,,,"Поддельный, ненастоящий.","Сделанный наподобие подлинного, натурального.",broader
фальшивый,adjective,,,"Поддельный, ненастоящий.","|| Представляющий собой подделку с целью обмана, мошенничества; поддельный.",broader
фальшивый,adjective,,,"Неестественный, неверный.","Искаженный при музыкальном, вокальном исполнении (о мелодии, звуках, ритме); неверный.",related
фальшивый,adjective,,,"Поддельный, ненастоящий.","Ложный, ненастоящий, не такой, какой должен быть в действительности.",related
фальшивый,adjective,,,"Неестественный, неверный.","|| Неестественный, ненатуральный.",related
фальшивый,adjective,,,"Неискренний, лицемерный.","Притворный, лицемерный, неискренний.",exact
художник,noun,,,"Человек, к-рый творчески работает в какой-н. области искусства.","Человек, создающий произведения изобразительного искусства (живописец, график, скульптор).",related
художник,noun,,,"То же, что живописец.","|| То же, что живописец.",exact
художник,noun,,,"Человек, к-рый творчески работает в какой-н. области искусства.","Тот, кто создает произведения искусства, творчески работает в области искусства.",exact
художник,noun,,,"Человек, к-рый выполняет что-н. с большим художественным вкусом, мастерством.","Тот, кто достиг высокого совершенства в какой-л. работе, кто проявил большой вкус и мастерство в чем-л.",exact
чай,noun,,,"Культивируемое вечнозеленое растение, высушенные и особо обработанные листья к-рого при заварке дают ароматный тонизирующий напиток.","Вечнозеленое дерево или кустарник сем. чайных, из высушенных листьев которого приготовляется ароматный напиток.",exact
чай,noun,,,"Высушенные, измельченные и специально обработанные листья такого растения.","Высушенные и особо обработанные листья этого растения, служащие для приготовления напитка.",exact
чай,noun,,,"Напиток, настоянный на таких листьях.","Ароматный напиток, настоянный на этих листьях.",exact
чай,noun,,,"Настой из заваренных сушеных листьев или плодов какого-н. растения, ягод.","|| Настой на каких-л. листьях, травах и т. п., заменяющий такой напиток.",exact
чай,noun,,,"То же, что чаепитие.",Чаепитие.,exact
широкий,adjective,,,"Имеющий большую ширину, большой в поперечнике; просторный.",Имеющий большую протяженность в поперечнике; противоп. узкий.,exact
широкий,adjective,,,"Имеющий большую ширину, большой в поперечнике; просторный.","Не стесняющий движений (об одежде); свободный, просторный.",related
широкий,adjective,,,"Слишком просторный, слишком большой по размеру.","|| только кратк. ф. Больший по ширине, чем требуется.",exact
широкий,adjective,,,"Имеющий большое протяжение, охватывающий большое пространство.","Занимающий большое пространство, обширный.",related
широкий,adjective,,,С большим размахом (во 2 знач.).,"Размашистый, свободный, крупный (о движениях рук, походке, шагах и т. п.).",related
широкий,adjective,,,"Не стеснённый в проявлении, в обнаружении чего-н., с размахом (в 4 знач.).","Отличающийся большим размахом в проявлении чего-л., ничем не стесненный.",exact
широкий,adjective,,,"Не стеснённый в проявлении, в обнаружении чего-н., с размахом (в 4 знач.).","|| Отличающийся большим размахом в деятельности, щедростью в проявлении чувств (о человеке).",broader
широкий,adjective,,,"Обширный, неограниченный, лишённый узости.","|| перен. Лишенный ограниченности, узости.",exact
широкий,adjective,,,С большим размахом (во 2 знач.).,"Большой по количеству, охвату, размаху и т. п.",related
широкий,adjective,,,"Охватывающий многое, многих, массовый.","Охватывающий многих, распространяющийся на многих; массовый.",exact
широкий,adjective,,,"Охватывающий многое, многих, массовый.","|| Известный, распространенный повсеместно, среди многих.",broader
широкий,adjective,,,"Охватывающий многое, многих, массовый.","|| Являющийся представителем многих людей, большинства людей.",broader
широкий,adjective,,,"Охватывающий многое, многих, массовый.","|| Предназначенный для многих, рассчитанный на многих, на массы.",broader
явление,noun,,,см. явиться.,Действие по знач. глаг. явиться.,exact
явление,noun,,,"В пьесе: часть акта, в к-рой состав действующих лиц не меняется.","Часть акта, действия (в пьесе), в которой состав действующих лиц не меняется.",exact
явление,noun,,,"В философии: проявление, выражение сущности, то, в чем она обнаруживается.","Внешнее выражение сущности предметов, процессов; непосредственное отражение вещи в чувственном восприятии.",exact
явление,noun,,,Вообще всякое обнаруживаемое проявление чего-н.,"Всякое проявление чего-л., каких-л. сил, процессов и т. п.",exact
явление,noun,,,"Событие, случай.","|| То, что происходит, случается, имеет место в окружающей действительности; событие, факт.",related
явление,noun,,,"Событие, случай.","Событие, факт.",exact
